,gender,age,ind-university_grade,ind-debateclub,ind-programming_exp,ind-international_exp,ind-entrepeneur_exp,ind-languages,ind-exact_study,ind-degree
count,410.0,410.0,410.0,410.0,410.0,410.0,410.0,410.0,410.0,410.0
mean,0.6804878048780488,26.45609756097561,61.9,0.3121951219512195,0.2780487804878049,0.2048780487804878,0.3,1.602439024390244,0.4146341463414634,1.5121951219512195
std,0.507026188757184,2.8074776836163484,5.769174471545263,0.4639551038219676,0.4485849498950554,0.4041055924319955,0.4588174445602127,0.8157939133058181,0.49326068213741614,0.6064829556766366
min,0.0,21.0,47.0,0.0,0.0,0.0,0.0,0.0,0.0,1.0
25%,0.0,25.0,58.0,0.0,0.0,0.0,0.0,1.0,0.0,1.0
50%,1.0,27.0,62.0,0.0,0.0,0.0,0.0,2.0,0.0,1.0
75%,1.0,28.0,66.0,1.0,1.0,0.0,1.0,2.0,1.0,2.0
max,2.0,32.0,76.0,1.0,1.0,1.0,1.0,3.0,1.0,3.0
